DATE,BAMLH0A0HYM2EY
2013-02-15,6.08
2013-02-18,6.08
2013-02-19,6.06
2013-02-20,6.05
2013-02-21,6.09
2013-02-22,6.07
2013-02-25,6.01
2013-02-26,6.05
2013-02-27,6.01
2013-02-28,6.03
2013-03-01,6.03
2013-03-04,6.02
2013-03-05,5.97
2013-03-06,5.97
2013-03-07,5.94
2013-03-08,5.94
2013-03-11,5.93
2013-03-12,5.92
2013-03-13,5.90
2013-03-14,5.87
2013-03-15,5.84
2013-03-18,5.86
2013-03-19,5.84
2013-03-20,5.83
2013-03-21,5.83
2013-03-22,5.84
2013-03-25,5.81
2013-03-26,5.83
2013-03-27,5.83
2013-03-28,5.82
2013-03-29,.
2013-03-31,5.91
2013-04-01,5.90
2013-04-02,5.88
2013-04-03,5.87
2013-04-04,5.85
2013-04-05,5.88
2013-04-08,5.85
2013-04-09,5.83
2013-04-10,5.78
2013-04-11,5.72
2013-04-12,5.70
2013-04-15,5.73
2013-04-16,5.73
2013-04-17,5.74
2013-04-18,5.73
2013-04-19,5.73
2013-04-22,5.69
2013-04-23,5.66
2013-04-24,5.60
2013-04-25,5.55
2013-04-26,5.51
2013-04-29,5.45
2013-04-30,5.48
2013-05-01,5.42
2013-05-02,5.35
2013-05-03,5.32
2013-05-06,5.31
2013-05-07,5.26
2013-05-08,5.24
2013-05-09,5.24
2013-05-10,5.31
2013-05-13,5.43
2013-05-14,5.45
2013-05-15,5.46
2013-05-16,5.46
2013-05-17,5.47
2013-05-20,5.45
2013-05-21,5.44
2013-05-22,5.43
2013-05-23,5.58
2013-05-24,5.60
2013-05-27,5.59
2013-05-28,5.61
2013-05-29,5.81
2013-05-30,5.79
2013-05-31,5.93
2013-06-03,6.05
2013-06-04,6.08
2013-06-05,6.30
2013-06-06,6.34
2013-06-07,6.22
2013-06-10,6.24
2013-06-11,6.44
2013-06-12,6.41
2013-06-13,6.45
2013-06-14,6.32
2013-06-17,6.28
2013-06-18,6.27
2013-06-19,6.30
2013-06-20,6.66
2013-06-21,6.71
2013-06-24,6.99
2013-06-25,7.02
2013-06-26,6.92
2013-06-27,6.80
2013-06-28,6.74
2013-06-30,6.82
2013-07-01,6.78
2013-07-02,6.74
2013-07-03,6.77
2013-07-04,6.77
2013-07-05,6.84
2013-07-08,6.84
2013-07-09,6.76
2013-07-10,6.72
2013-07-11,6.54
2013-07-12,6.47
2013-07-15,6.39
2013-07-16,6.33
2013-07-17,6.24
2013-07-18,6.15
2013-07-19,6.11
2013-07-22,6.08
2013-07-23,6.07
2013-07-24,6.18
2013-07-25,6.29
2013-07-26,6.30
2013-07-29,6.29
2013-07-30,6.30
2013-07-31,6.34
2013-08-01,6.37
2013-08-02,6.36
2013-08-05,6.38
2013-08-06,6.41
2013-08-07,6.42
2013-08-08,6.40
2013-08-09,6.40
2013-08-12,6.40
2013-08-13,6.43
2013-08-14,6.40
2013-08-15,6.48
2013-08-16,6.50
2013-08-19,6.55
2013-08-20,6.58
2013-08-21,6.60
2013-08-22,6.62
2013-08-23,6.59
2013-08-26,6.56
2013-08-27,6.57
2013-08-28,6.57
2013-08-29,6.54
2013-08-30,.
2013-09-02,6.58
2013-09-03,6.56
2013-09-04,6.57
2013-09-05,6.61
2013-09-06,6.60
2013-09-09,6.57
2013-09-10,6.57
2013-09-11,6.54
2013-09-12,6.52
2013-09-13,6.51
2013-09-16,6.40
2013-09-17,6.42
2013-09-18,6.34
2013-09-19,6.23
2013-09-20,6.26
2013-09-23,6.30
2013-09-24,6.30
2013-09-25,6.31
2013-09-26,6.33
2013-09-27,6.36
2013-09-30,6.47
2013-10-01,6.44
2013-10-02,6.41
2013-10-03,6.37
2013-10-04,6.36
2013-10-07,6.35
2013-10-08,6.34
2013-10-09,6.34
2013-10-10,6.30
2013-10-11,6.30
2013-10-14,6.27
2013-10-15,6.23
2013-10-16,6.21
2013-10-17,6.12
2013-10-18,6.06
2013-10-21,6.02
2013-10-22,5.98
2013-10-23,5.97
2013-10-24,5.95
2013-10-25,5.96
2013-10-28,5.98
2013-10-29,5.99
2013-10-30,5.95
2013-10-31,5.93
2013-11-01,5.94
2013-11-04,5.94
2013-11-05,5.98
2013-11-06,5.96
2013-11-07,5.93
2013-11-08,6.07
2013-11-11,6.07
2013-11-12,6.07
2013-11-13,6.10
2013-11-14,6.03
2013-11-15,6.00
2013-11-18,5.95
2013-11-19,5.94
2013-11-20,5.94
2013-11-21,5.97
2013-11-22,5.95
2013-11-25,5.90
2013-11-26,5.87
2013-11-27,5.86
2013-11-28,5.86
2013-11-29,5.86
2013-11-30,5.93
2013-12-02,5.90
2013-12-03,5.89
2013-12-04,5.91
2013-12-05,5.91
2013-12-06,5.90
2013-12-09,5.87
2013-12-10,5.85
2013-12-11,5.85
2013-12-12,5.89
2013-12-13,5.90
2013-12-16,5.87
2013-12-17,5.89
2013-12-18,5.90
2013-12-19,5.90
2013-12-20,5.87
2013-12-23,5.86
2013-12-24,5.87
2013-12-25,.
2013-12-26,5.87
2013-12-27,5.87
2013-12-30,5.85
2013-12-31,5.93
2014-01-01,.
2014-01-02,5.91
2014-01-03,5.90
2014-01-06,5.86
2014-01-07,5.81
2014-01-08,5.82
2014-01-09,5.81
2014-01-10,5.78
2014-01-13,5.76
2014-01-14,5.76
2014-01-15,5.73
2014-01-16,5.72
2014-01-17,5.70
2014-01-20,5.70
2014-01-21,5.68
2014-01-22,5.69
2014-01-23,5.70
2014-01-24,5.83
2014-01-27,5.87
2014-01-28,5.83
2014-01-29,5.85
2014-01-30,5.83
2014-01-31,5.91
2014-02-03,5.92
2014-02-04,5.97
2014-02-05,5.96
2014-02-06,5.93
2014-02-07,5.88
2014-02-10,5.84
2014-02-11,5.80
2014-02-12,5.78
2014-02-13,5.78
2014-02-14,5.75
2014-02-17,5.74
2014-02-18,5.69
2014-02-19,5.66
2014-02-20,5.66
2014-02-21,5.62
2014-02-24,5.59
2014-02-25,5.54
2014-02-26,5.51
2014-02-27,5.49
2014-02-28,5.51
2014-03-03,5.53
2014-03-04,5.52
2014-03-05,5.51
2014-03-06,5.54
2014-03-07,5.62
2014-03-10,5.63
2014-03-11,5.62
2014-03-12,5.64
2014-03-13,5.63
2014-03-14,5.66
2014-03-17,5.64
2014-03-18,5.60
2014-03-19,5.60
2014-03-20,5.65
2014-03-21,5.62
2014-03-24,5.61
2014-03-25,5.59
2014-03-26,5.57
2014-03-27,5.58
2014-03-28,5.58
2014-03-31,5.63
2014-04-01,5.61
2014-04-02,5.59
2014-04-03,5.57
2014-04-04,5.54
2014-04-07,5.54
2014-04-08,5.55
2014-04-09,5.54
2014-04-10,5.50
2014-04-11,5.55
2014-04-14,5.50
2014-04-15,5.51
2014-04-16,5.51
2014-04-17,5.53
2014-04-18,.
2014-04-21,5.52
2014-04-22,5.51
2014-04-23,5.50
2014-04-24,5.49
2014-04-25,5.50
2014-04-28,5.50
2014-04-29,5.49
2014-04-30,5.53
2014-05-01,5.53
2014-05-02,5.53
2014-05-05,5.54
2014-05-06,5.52
2014-05-07,5.52
2014-05-08,5.50
2014-05-09,5.50
2014-05-12,5.49
2014-05-13,5.46
2014-05-14,5.42
2014-05-15,5.44
2014-05-16,5.45
2014-05-19,5.43
2014-05-20,5.42
2014-05-21,5.43
2014-05-22,5.41
2014-05-23,5.45
2014-05-26,5.45
2014-05-27,5.43
2014-05-28,5.40
2014-05-29,5.40
2014-05-30,5.38
2014-05-31,5.33
2014-06-02,5.34
2014-06-03,5.36
2014-06-04,5.36
2014-06-05,5.35
2014-06-06,5.32
2014-06-09,5.30
2014-06-10,5.28
2014-06-11,5.28
2014-06-12,5.28
2014-06-13,5.28
2014-06-16,5.24
2014-06-17,5.25
2014-06-18,5.24
2014-06-19,5.20
2014-06-20,5.18
2014-06-23,5.16
2014-06-24,5.16
2014-06-25,5.19
2014-06-26,5.20
2014-06-27,5.21
2014-06-30,5.28
2014-07-01,5.29
2014-07-02,5.30
2014-07-03,5.30
2014-07-04,5.30
2014-07-07,5.29
2014-07-08,5.29
2014-07-09,5.31
2014-07-10,5.39
2014-07-11,5.38
2014-07-14,5.36
2014-07-15,5.40
2014-07-16,5.44
2014-07-17,5.49
2014-07-18,5.55
2014-07-21,5.57
2014-07-22,5.55
2014-07-23,5.52
2014-07-24,5.51
2014-07-25,5.52
2014-07-28,5.53
2014-07-29,5.57
2014-07-30,5.63
2014-07-31,5.90
2014-08-01,6.04
2014-08-04,6.02
2014-08-05,5.94
2014-08-06,5.97
2014-08-07,5.92
2014-08-08,5.92
2014-08-11,5.85
2014-08-12,5.81
2014-08-13,5.74
2014-08-14,5.66
2014-08-15,5.63
2014-08-18,5.58
2014-08-19,5.55
2014-08-20,5.53
2014-08-21,5.54
2014-08-22,5.54
2014-08-25,5.52
2014-08-26,5.52
2014-08-27,5.52
2014-08-28,5.51
2014-08-29,5.50
2014-08-31,5.55
2014-09-01,5.54
2014-09-02,5.57
2014-09-03,5.59
2014-09-04,5.64
2014-09-05,5.71
2014-09-08,5.72
2014-09-09,5.77
2014-09-10,5.86
2014-09-11,5.90
2014-09-12,5.94
2014-09-15,5.93
2014-09-16,5.96
2014-09-17,5.94
2014-09-18,5.89
2014-09-19,5.87
2014-09-22,5.89
2014-09-23,5.97
2014-09-24,6.05
2014-09-25,6.15
2014-09-26,6.25
2014-09-29,6.32
2014-09-30,6.26
2014-10-01,6.21
2014-10-02,6.20
2014-10-03,6.11
2014-10-06,6.04
2014-10-07,6.09
2014-10-08,6.15
2014-10-09,6.19
2014-10-10,6.32
2014-10-13,6.32
2014-10-14,6.38
2014-10-15,6.51
2014-10-16,6.47
2014-10-17,6.22
2014-10-20,6.20
2014-10-21,6.04
2014-10-22,6.00
2014-10-23,5.98
2014-10-24,5.98
2014-10-27,6.00
2014-10-28,5.99
2014-10-29,6.00
2014-10-30,6.00
2014-10-31,6.01
2014-11-03,6.01
2014-11-04,6.06
2014-11-05,6.04
2014-11-06,6.04
2014-11-07,6.04
2014-11-10,6.05
2014-11-11,6.05
2014-11-12,6.05
2014-11-13,6.07
2014-11-14,6.11
2014-11-17,6.16
2014-11-18,6.21
2014-11-19,6.27
2014-11-20,6.29
2014-11-21,6.22
2014-11-24,6.20
2014-11-25,6.17
2014-11-26,6.16
2014-11-27,6.16
2014-11-28,6.21
2014-11-30,6.27
2014-12-01,6.42
2014-12-02,6.49
2014-12-03,6.48
2014-12-04,6.48
2014-12-05,6.51
2014-12-08,6.57
2014-12-09,6.73
2014-12-10,6.83
2014-12-11,6.89
2014-12-12,7.04
2014-12-15,7.13
2014-12-16,7.28
2014-12-17,7.12
2014-12-18,6.84
2014-12-19,6.77
2014-12-22,6.71
2014-12-23,6.69
2014-12-24,6.69
2014-12-25,.
2014-12-26,6.68
2014-12-29,6.67
2014-12-30,6.66
2014-12-31,6.71
2015-01-01,.
2015-01-02,6.72
2015-01-05,6.80
2015-01-06,6.89
2015-01-07,6.81
2015-01-08,6.71
2015-01-09,6.69
2015-01-12,6.70
2015-01-13,6.69
2015-01-14,6.73
2015-01-15,6.71
2015-01-16,.
2015-01-19,6.73
2015-01-20,6.73
2015-01-21,6.74
2015-01-22,6.69
2015-01-23,6.67
2015-01-26,6.64
2015-01-27,6.66
2015-01-28,6.60
2015-01-29,6.60
2015-01-30,6.61
2015-01-31,6.51
2015-02-02,6.51
2015-02-03,6.44
2015-02-04,6.40
2015-02-05,6.35
2015-02-06,6.29
2015-02-09,6.31
2015-02-10,6.30
2015-02-11,6.30
2015-02-12,6.28
2015-02-13,6.27
2015-02-16,6.24
2015-02-17,6.22
2015-02-18,6.19
2015-02-19,6.19
2015-02-20,6.17
2015-02-23,6.13
2015-02-24,6.08
2015-02-25,6.04
2015-02-26,5.98
2015-02-27,5.97
2015-02-28,6.01
2015-03-02,6.01
2015-03-03,6.04
2015-03-04,6.08
2015-03-05,6.08
2015-03-06,6.16
2015-03-09,6.20
2015-03-10,6.31
2015-03-11,6.25
2015-03-12,6.24
2015-03-13,6.31
2015-03-16,6.32
2015-03-17,6.38
2015-03-18,6.38
2015-03-19,6.30
2015-03-20,6.27
2015-03-23,6.26
2015-03-24,6.23
2015-03-25,6.21
2015-03-26,6.24
2015-03-27,6.22
2015-03-30,6.19
2015-03-31,6.28
2015-04-01,6.26
2015-04-02,6.24
2015-04-03,.
2015-04-06,6.20
2015-04-07,6.13
2015-04-08,6.08
2015-04-09,6.09
2015-04-10,6.07
2015-04-13,6.05
2015-04-14,6.02
2015-04-15,5.98
2015-04-16,5.99
2015-04-17,6.02
2015-04-20,6.00
2015-04-21,5.99
2015-04-22,5.98
2015-04-23,5.98
2015-04-24,5.96
2015-04-27,5.96
2015-04-28,5.97
2015-04-29,6.02
2015-04-30,6.12
2015-05-01,6.12
2015-05-04,6.10
2015-05-05,6.12
2015-05-06,6.17
2015-05-07,6.20
2015-05-08,6.12
2015-05-11,6.13
2015-05-12,6.23
2015-05-13,6.18
2015-05-14,6.14
2015-05-15,6.11
2015-05-18,6.12
2015-05-19,6.13
2015-05-20,6.14
2015-05-21,6.11
2015-05-22,6.12
2015-05-25,.
2015-05-26,6.11
2015-05-27,6.08
2015-05-28,6.07
2015-05-29,6.06
2015-05-31,6.14
2015-06-01,6.16
2015-06-02,6.19
2015-06-03,6.24
2015-06-04,6.29
2015-06-05,6.38
2015-06-08,6.40
2015-06-09,6.47
2015-06-10,6.46
2015-06-11,6.41
2015-06-12,6.43
2015-06-15,6.47
2015-06-16,6.50
2015-06-17,6.47
2015-06-18,6.44
2015-06-19,6.39
2015-06-22,6.37
2015-06-23,6.40
2015-06-24,6.41
2015-06-25,6.43
2015-06-26,6.47
2015-06-29,6.60
2015-06-30,6.73
2015-07-01,6.67
2015-07-02,6.66
2015-07-03,6.66
2015-07-06,6.73
2015-07-07,6.76
2015-07-08,6.80
2015-07-09,6.78
2015-07-10,6.75
2015-07-13,6.72
2015-07-14,6.68
2015-07-15,6.68
2015-07-16,6.68
2015-07-17,6.73
2015-07-20,6.77
2015-07-21,6.79
2015-07-22,6.89
2015-07-23,6.91
2015-07-24,7.01
2015-07-27,7.14
2015-07-28,7.10
2015-07-29,7.01
2015-07-30,6.93
2015-07-31,6.99
2015-08-03,7.04
2015-08-04,7.07
2015-08-05,7.00
2015-08-06,7.08
2015-08-07,7.17
2015-08-10,7.19
2015-08-11,7.27
2015-08-12,7.37
2015-08-13,7.31
2015-08-14,7.17
2015-08-17,7.19
2015-08-18,7.21
2015-08-19,7.25
2015-08-20,7.31
2015-08-21,7.38
2015-08-24,7.65
2015-08-25,7.53
2015-08-26,7.56
2015-08-27,7.46
2015-08-28,7.41
2015-08-31,7.34
2015-09-01,7.39
2015-09-02,7.36
2015-09-03,7.31
2015-09-04,7.32
2015-09-07,7.32
2015-09-08,7.27
2015-09-09,7.21
2015-09-10,7.22
2015-09-11,7.23
2015-09-14,7.21
2015-09-15,7.23
2015-09-16,7.30
2015-09-17,7.31
2015-09-18,7.34
2015-09-21,7.37
2015-09-22,7.51
2015-09-23,7.52
2015-09-24,7.66
2015-09-25,7.71
2015-09-28,7.98
2015-09-29,8.06
2015-09-30,8.09
2015-10-01,8.14
2015-10-02,8.23
2015-10-05,8.07
2015-10-06,7.96
2015-10-07,7.78
2015-10-08,7.76
2015-10-09,7.63
2015-10-12,7.64
2015-10-13,7.71
2015-10-14,7.69
2015-10-15,7.68
2015-10-16,7.62
2015-10-19,7.60
2015-10-20,7.55
2015-10-21,7.52
2015-10-22,7.54
2015-10-23,7.47
2015-10-26,7.49
2015-10-27,7.52
2015-10-28,7.51
2015-10-29,7.49
2015-10-30,7.46
2015-10-31,7.50
2015-11-02,7.47
2015-11-03,7.43
2015-11-04,7.43
2015-11-05,7.51
2015-11-06,7.62
2015-11-09,7.73
2015-11-10,7.78
2015-11-11,7.78
2015-11-12,7.90
2015-11-13,7.98
2015-11-16,7.99
2015-11-17,7.90
2015-11-18,7.92
2015-11-19,7.99
2015-11-20,8.04
2015-11-23,8.07
2015-11-24,8.11
2015-11-25,8.07
2015-11-26,8.07
2015-11-27,8.07
2015-11-30,8.13
2015-12-01,8.08
2015-12-02,8.04
2015-12-03,8.13
2015-12-04,8.15
2015-12-07,8.26
2015-12-08,8.41
2015-12-09,8.43
2015-12-10,8.46
2015-12-11,8.75
2015-12-14,9.06
2015-12-15,8.86
2015-12-16,8.79
2015-12-17,8.79
2015-12-18,8.94
2015-12-21,8.98
2015-12-22,8.92
2015-12-23,8.84
2015-12-24,8.83
2015-12-25,.
2015-12-28,8.84
2015-12-29,8.80
2015-12-30,8.78
2015-12-31,8.76
2016-01-01,.
2016-01-04,8.88
2016-01-05,8.81
2016-01-06,8.82
2016-01-07,8.92
2016-01-08,8.89
2016-01-11,8.97
2016-01-12,9.00
2016-01-13,9.08
2016-01-14,9.16
2016-01-15,9.42
2016-01-18,9.43
2016-01-19,9.42
2016-01-20,9.76
2016-01-21,9.64
2016-01-22,9.42
2016-01-25,9.38
2016-01-26,9.33
2016-01-27,9.28
2016-01-28,9.23
2016-01-29,9.16
2016-01-31,9.19
2016-02-01,9.25
2016-02-02,9.35
2016-02-03,9.40
2016-02-04,9.38
2016-02-05,9.45
2016-02-08,9.76
2016-02-09,9.88
2016-02-10,9.78
2016-02-11,10.07
2016-02-12,9.93
2016-02-15,9.87
2016-02-16,9.75
2016-02-17,9.56
2016-02-18,9.46
2016-02-19,9.53
2016-02-22,9.40
2016-02-23,9.40
2016-02-24,9.46
2016-02-25,9.33
2016-02-26,9.12
2016-02-29,9.08
2016-03-01,8.89
2016-03-02,8.75
2016-03-03,8.71
2016-03-04,8.56
2016-03-07,8.53
2016-03-08,8.58
2016-03-09,8.63
2016-03-10,8.57
2016-03-11,8.38
2016-03-14,8.29
2016-03-15,8.39
2016-03-16,8.43
2016-03-17,8.29
2016-03-18,8.14
2016-03-21,8.12
2016-03-22,8.18
2016-03-23,8.23
2016-03-24,8.39
2016-03-25,.
2016-03-28,8.43
2016-03-29,8.51
2016-03-30,8.38
2016-03-31,8.37
2016-04-01,8.38
2016-04-04,8.35
2016-04-05,8.42
2016-04-06,8.34
2016-04-07,8.35
2016-04-08,8.30
2016-04-11,8.26
2016-04-12,8.19
2016-04-13,8.02
2016-04-14,7.92
2016-04-15,7.91
2016-04-18,7.93
2016-04-19,7.79
2016-04-20,7.70
2016-04-21,7.70
2016-04-22,7.72
2016-04-25,7.76
2016-04-26,7.72
2016-04-27,7.65
2016-04-28,7.56
2016-04-29,7.59
2016-04-30,7.58
2016-05-02,7.57
2016-05-03,7.66
2016-05-04,7.72
2016-05-05,7.72
2016-05-06,7.80
2016-05-09,7.82
2016-05-10,7.75
2016-05-11,7.69
2016-05-12,7.68
2016-05-13,7.70
2016-05-16,7.63
2016-05-17,7.61
2016-05-18,7.63
2016-05-19,7.73
2016-05-20,7.65
2016-05-23,7.65
2016-05-24,7.58
2016-05-25,7.50
2016-05-26,7.49
2016-05-27,7.50
2016-05-30,7.50
2016-05-31,7.40
2016-06-01,7.46
2016-06-02,7.43
2016-06-03,7.40
2016-06-06,7.32
2016-06-07,7.23
2016-06-08,7.14
2016-06-09,7.15
2016-06-10,7.24
2016-06-13,7.29
2016-06-14,7.41
2016-06-15,7.37
2016-06-16,7.49
2016-06-17,7.42
2016-06-20,7.26
2016-06-21,7.28
2016-06-22,7.23
2016-06-23,7.14
2016-06-24,7.49
2016-06-27,7.64
2016-06-28,7.55
2016-06-29,7.35
2016-06-30,7.32
2016-07-01,7.22
2016-07-04,7.22
2016-07-05,7.2
2016-07-06,7.2
2016-07-07,7.08
2016-07-08,6.93
2016-07-11,6.78
2016-07-12,6.64
2016-07-13,6.74
2016-07-14,6.63
2016-07-15,6.67
2016-07-18,6.67
2016-07-19,6.67
2016-07-20,6.64
2016-07-21,6.62
2016-07-22,6.62
2016-07-25,6.63
2016-07-26,6.69
2016-07-27,6.7
2016-07-28,6.73
2016-07-29,6.76
2016-07-31,6.83
2016-08-01,6.85
2016-08-02,6.91
2016-08-03,6.89
2016-08-04,6.78
2016-08-05,6.69
2016-08-08,6.66
2016-08-09,6.57
2016-08-10,6.56
2016-08-11,6.56
2016-08-12,6.54
2016-08-15,6.46
2016-08-16,6.42
2016-08-17,6.43
2016-08-18,6.4
2016-08-19,6.4
2016-08-22,6.4
2016-08-23,6.37
2016-08-24,6.36
2016-08-25,6.39
2016-08-26,6.37
2016-08-29,6.37
2016-08-30,6.33
2016-08-31,6.37
2016-09-01,6.4
2016-09-02,6.38
2016-09-05,6.38
2016-09-06,6.32
2016-09-07,6.3
2016-09-08,6.28
2016-09-09,6.43
2016-09-12,6.5
2016-09-13,6.6
2016-09-14,6.56
2016-09-15,6.56
2016-09-16,6.59
2016-09-19,6.56
2016-09-20,6.56
2016-09-21,6.52
2016-09-22,6.37
2016-09-23,6.36
2016-09-26,6.4
2016-09-27,6.4
2016-09-28,6.36
2016-09-29,6.3
2016-09-30,6.24
2016-10-03,6.23
2016-10-04,6.2
2016-10-05,6.16
2016-10-06,6.15
2016-10-07,6.15
2016-10-10,6.15
2016-10-11,6.16
2016-10-12,6.18
2016-10-13,6.2
2016-10-14,6.13
2016-10-17,6.14
2016-10-18,6.08
2016-10-19,6.02
2016-10-20,5.99
2016-10-21,5.99
2016-10-24,5.98
2016-10-25,5.98
2016-10-26,6.06
2016-10-27,6.14
2016-10-28,6.19
2016-10-31,6.34
2016-11-01,6.46
2016-11-02,6.54
2016-11-03,6.54
2016-11-04,6.57
2016-11-07,6.42
2016-11-08,6.44
2016-11-09,6.54
2016-11-10,6.62
2016-11-11,6.62
2016-11-14,6.86
2016-11-15,6.72
2016-11-16,6.71
2016-11-17,6.66
2016-11-18,6.7
2016-11-21,6.65
2016-11-22,6.55
2016-11-23,6.56
2016-11-24,6.55
2016-11-25,6.55
2016-11-28,6.52
2016-11-29,6.54
2016-11-30,6.58
2016-12-01,6.59
2016-12-02,6.56
2016-12-05,6.5
2016-12-06,6.42
2016-12-07,6.31
2016-12-08,6.29
2016-12-09,6.25
2016-12-12,6.22
2016-12-13,6.19
2016-12-14,6.17
2016-12-15,6.3
2016-12-16,6.31
2016-12-19,6.29
2016-12-20,6.28
2016-12-21,6.25
2016-12-22,6.23
2016-12-23,6.21
2016-12-26,.
2016-12-27,6.19
2016-12-28,6.18
2016-12-29,6.17
2016-12-30,6.16
2016-12-31,6.19
2017-01-02,.
2017-01-03,6.12
2017-01-04,6.02
2017-01-05,5.96
2017-01-06,5.95
2017-01-09,5.95
2017-01-10,5.93
2017-01-11,5.95
2017-01-12,5.96
2017-01-13,5.95
2017-01-16,5.92
2017-01-17,5.93
2017-01-18,5.94
2017-01-19,5.98
2017-01-20,6
2017-01-23,6.01
2017-01-24,5.99
2017-01-25,5.94
2017-01-26,5.92
2017-01-27,5.9
2017-01-30,5.93
2017-01-31,5.96
2017-02-01,5.93
2017-02-02,5.9
2017-02-03,5.84
2017-02-06,5.83
2017-02-07,5.83
2017-02-08,5.85
2017-02-09,5.85
2017-02-10,5.84
2017-02-13,5.82
2017-02-14,5.8
2017-02-15,5.8
2017-02-16,5.8
2017-02-17,5.8
2017-02-20,5.8
2017-02-21,5.75
2017-02-22,5.72
2017-02-23,5.68
2017-02-24,5.68
2017-02-27,5.66
2017-02-28,5.68
2017-03-01,5.61
2017-03-02,5.62
2017-03-03,5.66
2017-03-06,5.72
2017-03-07,5.82
2017-03-08,5.91
2017-03-09,6.04
2017-03-10,6.03
2017-03-13,6.1
2017-03-14,6.19
2017-03-15,6.07
2017-03-16,5.95
2017-03-17,5.96
2017-03-20,5.99
2017-03-21,6.03
2017-03-22,6.11
2017-03-23,6.08
2017-03-24,6.03
2017-03-27,6.06
2017-03-28,5.99
2017-03-29,5.9
2017-03-30,5.82
2017-03-31,5.9
2017-04-03,5.91
2017-04-04,5.91
2017-04-05,5.84
2017-04-06,5.85
2017-04-07,5.82
2017-04-10,5.81
2017-04-11,5.83
2017-04-12,5.85
2017-04-13,5.85
2017-04-14,.
2017-04-17,5.83
2017-04-18,5.84
2017-04-19,5.8
2017-04-20,5.8
2017-04-21,5.79
2017-04-24,5.72
2017-04-25,5.68
2017-04-26,5.65
2017-04-27,5.65
2017-04-28,5.62
2017-04-30,5.7
2017-05-01,5.7
2017-05-02,5.68
2017-05-03,5.68
2017-05-04,5.75
2017-05-05,5.77
2017-05-08,5.76
2017-05-09,5.73
2017-05-10,5.72
2017-05-11,5.71
2017-05-12,5.69
2017-05-15,5.64
2017-05-16,5.62
2017-05-17,5.65
2017-05-18,5.68
2017-05-19,5.62
2017-05-22,5.58
2017-05-23,5.55
2017-05-24,5.54
2017-05-25,5.52
2017-05-26,5.52
2017-05-29,5.52
2017-05-30,5.5
2017-05-31,5.57
2017-06-01,5.53
2017-06-02,5.49
2017-06-05,5.49
2017-06-06,5.51
2017-06-07,5.54
2017-06-08,5.59
2017-06-09,5.57
2017-06-12,5.56
2017-06-13,5.53
2017-06-14,5.49
2017-06-15,5.54
2017-06-16,5.56
2017-06-19,5.54
2017-06-20,5.59
2017-06-21,5.66
2017-06-22,5.68
2017-06-23,5.66
2017-06-26,5.63
2017-06-27,5.63
2017-06-28,5.63
2017-06-29,5.65
2017-06-30,5.71
2017-07-03,5.7
2017-07-04,5.7
2017-07-05,5.7
2017-07-06,5.77
2017-07-07,5.84
2017-07-10,5.82
2017-07-11,5.82
2017-07-12,5.75
2017-07-13,5.72
2017-07-14,5.65
2017-07-17,5.6
2017-07-18,5.57
2017-07-19,5.52
2017-07-20,5.49
2017-07-21,5.49
2017-07-24,5.51
2017-07-25,5.48
2017-07-26,5.45
2017-07-27,5.46
2017-07-28,5.47
2017-07-31,5.51
2017-08-01,5.47
2017-08-02,5.48
2017-08-03,5.49
2017-08-04,5.51
2017-08-07,5.51
2017-08-08,5.53
2017-08-09,5.67
2017-08-10,5.76
2017-08-11,5.8
2017-08-14,5.72
2017-08-15,5.74
2017-08-16,5.72
2017-08-17,5.74
2017-08-18,5.79
2017-08-21,5.8
2017-08-22,5.76
2017-08-23,5.75
2017-08-24,5.72
2017-08-25,5.69
2017-08-28,5.67
2017-08-29,5.66
2017-08-30,5.63
2017-08-31,5.63
2017-09-01,5.63
2017-09-04,5.63
2017-09-05,5.64
2017-09-06,5.6
2017-09-07,5.6
2017-09-08,5.64
2017-09-11,5.62
2017-09-12,5.62
2017-09-13,5.61
2017-09-14,5.58
2017-09-15,5.58
2017-09-18,5.55
2017-09-19,5.54
2017-09-20,5.52
2017-09-21,5.54
2017-09-22,5.55
2017-09-25,5.53
2017-09-26,5.50
2017-09-27,5.51
2017-09-28,5.50
2017-09-29,5.49
2017-09-30,5.53
2017-10-02,5.53
2017-10-03,5.52
2017-10-04,5.52
2017-10-05,5.51
2017-10-06,5.53
2017-10-09,5.52
2017-10-10,5.51
2017-10-11,5.52
2017-10-12,5.55
2017-10-13,5.55
2017-10-16,5.51
2017-10-17,5.49
2017-10-18,5.48
2017-10-19,5.48
2017-10-20,5.47
2017-10-23,5.43
2017-10-24,5.43
2017-10-25,5.50
2017-10-26,5.50
2017-10-27,5.51
2017-10-30,5.50
2017-10-31,5.56
2017-11-01,5.54
2017-11-02,5.56
2017-11-03,5.56
2017-11-06,5.57
2017-11-07,5.59
2017-11-08,5.70
2017-11-09,5.83
2017-11-10,5.85
2017-11-13,5.87
2017-11-14,5.93
2017-11-15,6.02
2017-11-16,5.87
2017-11-17,5.84
2017-11-20,5.81
2017-11-21,5.78
2017-11-22,5.76
2017-11-23,5.76
2017-11-24,5.76
2017-11-27,5.73
2017-11-28,5.75
2017-11-29,5.74
2017-11-30,5.78
2017-12-01,5.77
2017-12-04,5.74
2017-12-05,5.74
2017-12-06,5.77
2017-12-07,5.79
2017-12-08,5.80
2017-12-11,5.78
2017-12-12,5.77
2017-12-13,5.77
2017-12-14,5.77
2017-12-15,5.79
2017-12-18,5.81
2017-12-19,5.82
2017-12-20,5.83
2017-12-21,5.82
2017-12-22,5.82
2017-12-25,.
2017-12-26,5.82
2017-12-27,5.79
2017-12-28,5.78
2017-12-29,5.78
2017-12-31,5.84
2018-01-01,.
2018-01-02,5.81
2018-01-03,5.73
2018-01-04,5.67
2018-01-05,5.64
2018-01-08,5.64
2018-01-09,5.66
2018-01-10,5.75
2018-01-11,5.72
2018-01-12,5.72
2018-01-15,5.69
2018-01-16,5.69
2018-01-17,5.71
2018-01-18,5.75
2018-01-19,5.77
2018-01-22,5.76
2018-01-23,5.72
2018-01-24,5.71
2018-01-25,5.69
2018-01-26,5.69
2018-01-29,5.74
2018-01-30,5.82
2018-01-31,5.80
2018-02-01,5.85
2018-02-02,5.96
2018-02-05,6.02
2018-02-06,6.12
2018-02-07,6.03
2018-02-08,6.18
2018-02-09,6.36
2018-02-12,6.29
2018-02-13,6.35
2018-02-14,6.33
2018-02-15,6.21
2018-02-16,6.13
2018-02-19,6.13
2018-02-20,6.13
2018-02-21,6.14
2018-02-22,6.19
2018-02-23,6.20
2018-02-26,6.11
2018-02-27,6.13
2018-02-28,6.13
2018-03-01,6.19
2018-03-02,6.29
2018-03-05,6.25
2018-03-06,6.19
2018-03-07,6.22
2018-03-08,6.21
2018-03-09,6.20
2018-03-12,6.20
2018-03-13,6.22
2018-03-14,6.23
2018-03-15,6.24
2018-03-16,6.24
2018-03-19,6.29
2018-03-20,6.30
2018-03-21,6.29
2018-03-22,6.33
2018-03-23,6.36
2018-03-26,6.37
2018-03-27,6.34
2018-03-28,6.36
2018-03-29,6.35
2018-03-30,.
2018-03-31,6.30
2018-04-02,6.33
2018-04-03,6.32
2018-04-04,6.32
2018-04-05,6.24
2018-04-06,6.24
2018-04-09,6.22
2018-04-10,6.15
2018-04-11,6.13
2018-04-12,6.10
2018-04-13,6.05
2018-04-16,6.00
2018-04-17,5.95
2018-04-18,5.96
2018-04-19,6.08
2018-04-20,6.11
2018-04-23,6.16
2018-04-24,6.21
2018-04-25,6.30
2018-04-26,6.23
2018-04-27,6.22
2018-04-30,6.25
2018-05-01,6.29
2018-05-02,6.26
2018-05-03,6.29
2018-05-04,6.27
2018-05-07,6.25
2018-05-08,6.27
2018-05-09,6.27
2018-05-10,6.24
2018-05-11,6.23
2018-05-14,6.21
2018-05-15,6.27
2018-05-16,6.29
2018-05-17,6.28
2018-05-18,6.29
2018-05-21,6.29
2018-05-22,6.28
2018-05-23,6.30
2018-05-24,6.29
2018-05-25,6.29
2018-05-28,6.29
2018-05-29,6.34
2018-05-30,6.31
2018-05-31,6.31
2018-06-01,6.30
2018-06-04,6.28
2018-06-05,6.27
2018-06-06,6.25
2018-06-07,6.22
2018-06-08,6.24
2018-06-11,6.20
2018-06-12,6.19
2018-06-13,6.17
2018-06-14,6.12
2018-06-15,6.12
2018-06-18,6.13
2018-06-19,6.16
2018-06-20,6.13
2018-06-21,6.15
2018-06-22,6.15
2018-06-25,6.20
2018-06-26,6.22
2018-06-27,6.25
2018-06-28,6.35
2018-06-29,6.33
2018-06-30,6.44
2018-07-02,6.54
2018-07-03,6.50
2018-07-04,6.50
2018-07-05,6.49
2018-07-06,6.47
2018-07-09,6.41
2018-07-10,6.37
2018-07-11,6.40
2018-07-12,6.37
2018-07-13,6.35
2018-07-16,6.34
2018-07-17,6.33
2018-07-18,6.32
2018-07-19,6.33
2018-07-20,6.32
2018-07-23,6.32
2018-07-24,6.29
2018-07-25,6.29
2018-07-26,6.27
2018-07-27,6.26
2018-07-30,6.26
2018-07-31,6.31
2018-08-01,6.31
2018-08-02,6.29
2018-08-03,6.26
2018-08-06,6.25
2018-08-07,6.20
2018-08-08,6.22
2018-08-09,6.20
2018-08-10,6.25
2018-08-13,6.28
2018-08-14,6.26
2018-08-15,6.29
2018-08-16,6.24
2018-08-17,6.24
2018-08-20,6.23
2018-08-21,6.21
2018-08-22,6.19
2018-08-23,6.19
2018-08-24,6.19
2018-08-27,6.18
2018-08-28,6.18
2018-08-29,6.18
2018-08-30,6.19
2018-08-31,6.25
2018-09-03,6.25
2018-09-04,6.25
2018-09-05,6.28
2018-09-06,6.28
2018-09-07,6.31
2018-09-10,6.30
2018-09-11,6.28
2018-09-12,6.24
2018-09-13,6.22
2018-09-14,6.19
2018-09-17,6.19
2018-09-18,6.17
2018-09-19,6.20
2018-09-20,6.21
2018-09-21,6.20
2018-09-24,6.24
2018-09-25,6.24
2018-09-26,6.21
2018-09-27,6.20
2018-09-28,6.19
2018-09-30,6.23
2018-10-01,6.18
2018-10-02,6.17
2018-10-03,6.19
2018-10-04,6.35
2018-10-05,6.40
2018-10-08,6.40
2018-10-09,6.48
2018-10-10,6.58
2018-10-11,6.58
2018-10-12,6.54
2018-10-15,6.51
2018-10-16,6.46
2018-10-17,6.49
2018-10-18,6.53
2018-10-19,6.56
2018-10-22,6.57
2018-10-23,6.66
2018-10-24,6.65
2018-10-25,6.70
2018-10-26,6.77
2018-10-29,6.77
2018-10-30,6.83
2018-10-31,6.82
2018-11-01,6.81
2018-11-02,6.78
2018-11-05,6.77
2018-11-06,6.75
2018-11-07,6.68
2018-11-08,6.67
2018-11-09,6.78
2018-11-12,6.78
2018-11-13,6.90
2018-11-14,6.96
2018-11-15,7.07
2018-11-16,7.10
2018-11-19,7.15
2018-11-20,7.23
2018-11-21,7.16
2018-11-22,7.16
2018-11-23,7.20
2018-11-26,7.19
2018-11-27,7.23
2018-11-28,7.14
2018-11-29,7.11
2018-11-30,7.19
2018-12-03,7.08
2018-12-04,7.13
2018-12-05,7.13
2018-12-06,7.30
2018-12-07,7.25
2018-12-10,7.32
2018-12-11,7.28
2018-12-12,7.21
2018-12-13,7.20
2018-12-14,7.24
2018-12-17,7.32
2018-12-18,7.42
2018-12-19,7.51
2018-12-20,7.81
2018-12-21,7.91
2018-12-24,7.99
2018-12-25,.
2018-12-26,8.05
2018-12-27,8.00
2018-12-28,7.91
2018-12-31,7.89
2019-01-01,.
2019-01-02,7.89
2019-01-03,7.86
2019-01-04,7.58
2019-01-07,7.40
2019-01-08,7.26
2019-01-09,7.13
2019-01-10,7.15
2019-01-11,7.13
2019-01-14,7.16
2019-01-15,7.12
2019-01-16,7.03
2019-01-17,7.01
2019-01-18,6.93
2019-01-21,6.93
2019-01-22,7.01
2019-01-23,7.01
2019-01-24,7.03
2019-01-25,6.96
2019-01-28,7.03
2019-01-29,6.98
2019-01-30,6.91
2019-01-31,6.86
2019-02-01,6.85
2019-02-04,6.83
2019-02-05,6.72
2019-02-06,6.69
2019-02-07,6.80
2019-02-08,6.82
2019-02-11,6.81
2019-02-12,6.71
2019-02-13,6.70
2019-02-14,6.69
2019-02-15,6.65
2019-02-18,6.65
2019-02-19,6.62
2019-02-20,6.59
2019-02-21,6.59
2019-02-22,6.56
2019-02-25,6.53
2019-02-26,6.50
2019-02-27,6.48
2019-02-28,6.49
2019-03-01,6.48
2019-03-04,6.49
2019-03-05,6.51
2019-03-06,6.55
2019-03-07,6.61
2019-03-08,6.68
2019-03-11,6.64
2019-03-12,6.56
2019-03-13,6.48
2019-03-14,6.45
2019-03-15,6.42
2019-03-18,6.43
2019-03-19,6.40
2019-03-20,6.38
2019-03-21,6.33
2019-03-22,6.37
2019-03-25,6.41
2019-03-26,6.37
2019-03-27,6.33
2019-03-28,6.34
2019-03-29,6.29
2019-03-31,6.36
2019-04-01,6.31
2019-04-02,6.30
2019-04-03,6.28
2019-04-04,6.28
2019-04-05,6.23
2019-04-08,6.23
2019-04-09,6.23
2019-04-10,6.21
2019-04-11,6.17
2019-04-12,6.11
2019-04-15,6.10
2019-04-16,6.09
2019-04-17,6.12
2019-04-18,6.14
2019-04-19,.
2019-04-22,6.17
2019-04-23,6.13
2019-04-24,6.10
2019-04-25,6.13
2019-04-26,6.11
2019-04-29,6.10
2019-04-30,6.08
2019-05-01,6.08
2019-05-02,6.15
2019-05-03,6.11
2019-05-06,6.18
2019-05-07,6.21
2019-05-08,6.22
2019-05-09,6.31
2019-05-10,6.32
2019-05-13,6.46
2019-05-14,6.39
2019-05-15,6.39
2019-05-16,6.32
2019-05-17,6.32
2019-05-20,6.34
2019-05-21,6.29
2019-05-22,6.29
2019-05-23,6.37
2019-05-24,6.35
2019-05-27,6.35
2019-05-28,6.33
2019-05-29,6.45
2019-05-30,6.42
2019-05-31,6.60
2019-06-03,6.63
2019-06-04,6.49
2019-06-05,6.43
2019-06-06,6.39
2019-06-07,6.30
2019-06-10,6.21
2019-06-11,6.18
2019-06-12,6.19
2019-06-13,6.15
2019-06-14,6.15
2019-06-17,6.15
2019-06-18,6.05
2019-06-19,6.01
2019-06-20,5.85
2019-06-21,5.83
2019-06-24,5.83
2019-06-25,5.90
2019-06-26,5.93
2019-06-27,5.92
2019-06-28,5.89
2019-06-30,5.90
2019-07-01,5.86
2019-07-02,5.86
2019-07-03,5.83
2019-07-04,5.83
2019-07-05,5.89
2019-07-08,5.92
2019-07-09,5.96
2019-07-10,5.91
2019-07-11,5.95
2019-07-12,5.95
2019-07-15,5.92
2019-07-16,5.91
2019-07-17,5.92
2019-07-18,5.97
2019-07-19,5.95
2019-07-22,5.93
2019-07-23,5.89
2019-07-24,5.85
2019-07-25,5.84
2019-07-26,5.82
2019-07-29,5.84
2019-07-30,5.87
2019-07-31,5.85
2019-08-01,5.86
2019-08-02,5.94
2019-08-05,6.15
2019-08-06,6.09
2019-08-07,6.11
2019-08-08,5.93
2019-08-09,5.96
2019-08-12,5.97
2019-08-13,5.89
2019-08-14,6.04
2019-08-15,6.02
2019-08-16,5.96
2019-08-19,5.91
2019-08-20,5.87
2019-08-21,5.75
2019-08-22,5.73
2019-08-23,5.74
2019-08-26,5.73
2019-08-27,5.67
2019-08-28,5.62
2019-08-29,5.58
2019-08-30,5.55
2019-08-31,5.59
2019-09-02,5.59
2019-09-03,5.64
2019-09-04,5.62
2019-09-05,5.57
2019-09-06,5.54
2019-09-09,5.53
2019-09-10,5.52
2019-09-11,5.58
2019-09-12,5.56
2019-09-13,5.64
2019-09-16,5.57
2019-09-17,5.55
2019-09-18,5.56
2019-09-19,5.51
2019-09-20,5.52
2019-09-23,5.50
2019-09-24,5.49
2019-09-25,5.60
2019-09-26,5.59
2019-09-27,5.62
2019-09-30,5.65
2019-10-01,5.66
2019-10-02,5.80
2019-10-03,5.84
2019-10-04,5.80
2019-10-07,5.78
2019-10-08,5.83
2019-10-09,5.81
2019-10-10,5.82
2019-10-11,5.75
2019-10-14,5.72
2019-10-15,5.67
2019-10-16,5.64
2019-10-17,5.64
2019-10-18,5.64
2019-10-21,5.65
2019-10-22,5.64
2019-10-23,5.61
2019-10-24,5.58
2019-10-25,5.57
2019-10-28,5.57
2019-10-29,5.56
2019-10-30,5.63
2019-10-31,5.73
2019-11-01,5.71
2019-11-04,5.65
2019-11-05,5.69
2019-11-06,5.70
2019-11-07,5.74
2019-11-08,5.78
2019-11-11,5.78
2019-11-12,5.76
2019-11-13,5.78
2019-11-14,5.76
2019-11-15,5.75
2019-11-18,5.77
2019-11-19,5.78
2019-11-20,5.81
2019-11-21,5.83
2019-11-22,5.80
2019-11-25,5.73
2019-11-26,5.68
2019-11-27,5.66
2019-11-28,.
2019-11-29,5.67
2019-11-30,5.70
2019-12-02,5.75
2019-12-03,5.75
2019-12-04,5.69
2019-12-05,5.68
2019-12-06,5.62
2019-12-09,5.60
2019-12-10,5.57
2019-12-11,5.53
2019-12-12,5.48
2019-12-13,5.42
2019-12-16,5.37
2019-12-17,5.33
2019-12-18,5.28
2019-12-19,5.30
2019-12-20,5.29
2019-12-23,5.30
2019-12-24,5.29
2019-12-25,.
2019-12-26,5.28
2019-12-27,5.27
2019-12-30,5.30
2019-12-31,5.33
2020-01-01,.
2020-01-02,5.28
2020-01-03,5.25
2020-01-06,5.23
2020-01-07,5.21
2020-01-08,5.22
2020-01-09,5.19
2020-01-10,5.17
2020-01-13,5.17
2020-01-14,5.12
2020-01-15,5.08
2020-01-16,5.08
2020-01-17,5.06
2020-01-20,5.06
2020-01-21,5.09
2020-01-22,5.11
2020-01-23,5.18
2020-01-24,5.23
2020-01-27,5.50
2020-01-28,5.37
2020-01-29,5.30
2020-01-30,5.38
2020-01-31,5.43
2020-02-03,5.38
2020-02-04,5.34
2020-02-05,5.27
2020-02-06,5.22
2020-02-07,5.21
2020-02-10,5.19
2020-02-11,5.12
2020-02-12,5.09
2020-02-13,5.07
2020-02-14,5.03
2020-02-17,5.03
2020-02-18,5.04
2020-02-19,5.02
2020-02-20,5.03
2020-02-21,5.02
2020-02-24,5.31
2020-02-25,5.40
2020-02-26,5.47
2020-02-27,5.79
2020-02-28,6.02
2020-02-29,6.07
2020-03-02,5.93
2020-03-03,5.72
2020-03-04,5.58
2020-03-05,5.82
2020-03-06,6.27
2020-03-09,7.17
2020-03-10,7.05
2020-03-11,7.34
2020-03-12,8.15
2020-03-13,8.10
2020-03-16,8.96
2020-03-17,9.17
2020-03-18,9.98
2020-03-19,10.62
2020-03-20,10.75
2020-03-23,11.38
2020-03-24,11.13
2020-03-25,10.69
2020-03-26,9.82
2020-03-27,9.46
2020-03-30,9.24
2020-03-31,9.20
2020-04-01,9.53
2020-04-02,9.60
2020-04-03,9.84
2020-04-06,9.74
2020-04-07,9.39
2020-04-08,9.33
2020-04-09,8.42
2020-04-10,.
2020-04-13,8.19
2020-04-14,7.83
2020-04-15,8.03
2020-04-16,7.98
2020-04-17,7.73
2020-04-20,7.92
2020-04-21,8.28
2020-04-22,8.26
2020-04-23,8.28
2020-04-24,8.43
2020-04-27,8.45
2020-04-28,8.42
2020-04-29,8.28
2020-04-30,8.04
2020-05-01,8.13
2020-05-04,8.20
2020-05-05,8.03
2020-05-06,8.04
2020-05-07,7.97
2020-05-08,7.92
2020-05-11,7.95
2020-05-12,7.82
2020-05-13,7.99
2020-05-14,8.13
2020-05-15,8.16
2020-05-18,7.85
2020-05-19,7.78
2020-05-20,7.56
2020-05-21,7.49
2020-05-22,7.46
2020-05-25,7.46
2020-05-26,7.17
2020-05-27,7.11
2020-05-28,7.02
2020-05-29,7.08
2020-05-31,6.92
2020-06-01,6.82
2020-06-02,6.58
2020-06-03,6.26
2020-06-04,6.32
2020-06-05,6.05
2020-06-08,6.04
2020-06-09,6.24
2020-06-10,6.34
2020-06-11,6.78
2020-06-12,6.69
2020-06-15,6.66
2020-06-16,6.22
2020-06-17,6.28
2020-06-18,6.42
2020-06-19,6.43
2020-06-22,6.44
2020-06-23,6.42
2020-06-24,6.62
2020-06-25,6.69
2020-06-26,6.78
2020-06-29,6.88
2020-06-30,6.81
2020-07-01,6.72
2020-07-02,6.56
2020-07-03,6.56
2020-07-06,6.43
2020-07-07,6.42
2020-07-08,6.44
2020-07-09,6.49
2020-07-10,6.51
2020-07-13,6.38
2020-07-14,6.39
2020-07-15,6.17
2020-07-16,6.11
2020-07-17,6.09
2020-07-20,5.90
2020-07-21,5.68
2020-07-22,5.62
2020-07-23,5.60
2020-07-24,5.63
2020-07-27,5.60
2020-07-28,5.60
2020-07-29,5.47
2020-07-30,5.44
2020-07-31,5.45
2020-08-03,5.39
2020-08-04,5.41
2020-08-05,5.34
2020-08-06,5.36
2020-08-07,5.37
2020-08-10,5.41
2020-08-11,5.41
2020-08-12,5.48
2020-08-13,5.57
2020-08-14,5.65
2020-08-17,5.66
2020-08-18,5.63
2020-08-19,5.61
2020-08-20,5.63
2020-08-21,5.60
2020-08-24,5.52
2020-08-25,5.43
2020-08-26,5.39
2020-08-27,5.37
2020-08-28,5.37
2020-08-31,5.38
2020-09-01,5.33
2020-09-02,5.28
2020-09-03,5.37
2020-09-04,5.53
2020-09-07,5.53
2020-09-08,5.62
2020-09-09,5.54
2020-09-10,5.52
2020-09-11,5.56
2020-09-14,5.53
2020-09-15,5.50
2020-09-16,5.44
2020-09-17,5.50
2020-09-18,5.53
2020-09-21,5.77
2020-09-22,5.79
2020-09-23,5.83
2020-09-24,5.99
2020-09-25,5.99
2020-09-28,5.86
2020-09-29,5.83
2020-09-30,5.77
2020-10-01,5.73
2020-10-02,5.76
2020-10-05,5.60
2020-10-06,5.48
2020-10-07,5.46
2020-10-08,5.39
2020-10-09,5.35
2020-10-12,5.34
2020-10-13,5.27
2020-10-14,5.28
2020-10-15,5.42
2020-10-16,5.35
2020-10-19,5.32
2020-10-20,5.34
2020-10-21,5.35
2020-10-22,5.34
2020-10-23,5.33
2020-10-26,5.46
2020-10-27,5.49
2020-10-28,5.72
2020-10-29,5.70
2020-10-30,5.72
2020-10-31,5.79
2020-11-02,5.72
2020-11-03,5.56
2020-11-04,5.21
2020-11-05,5.02
2020-11-06,5.13
2020-11-09,4.76
2020-11-10,4.93
2020-11-11,4.93
2020-11-12,5.11
2020-11-13,5.13
2020-11-16,5.01
2020-11-17,4.96
2020-11-18,4.91
2020-11-19,4.95
2020-11-20,4.95
2020-11-23,4.91
2020-11-24,4.79
2020-11-25,4.81
2020-11-26,4.81
2020-11-27,4.81
2020-11-30,4.79
2020-12-01,4.74
2020-12-02,4.70
2020-12-03,4.61
2020-12-04,4.56
2020-12-07,4.53
2020-12-08,4.52
2020-12-09,4.56
2020-12-10,4.57
2020-12-11,4.60
2020-12-14,4.54
2020-12-15,4.54
2020-12-16,4.54
2020-12-17,4.54
2020-12-18,4.53
2020-12-21,4.67
2020-12-22,4.60
2020-12-23,4.56
2020-12-24,4.54
2020-12-25,.
2020-12-28,4.37
2020-12-29,4.33
2020-12-30,4.34
2020-12-31,4.34
2021-01-01,.
2021-01-04,4.40
2021-01-05,4.41
2021-01-06,4.36
2021-01-07,4.36
2021-01-08,4.35
2021-01-11,4.43
2021-01-12,4.47
2021-01-13,4.41
2021-01-14,4.33
2021-01-15,4.32
2021-01-18,4.31
2021-01-19,4.28
2021-01-20,4.24
2021-01-21,4.22
2021-01-22,4.32
2021-01-25,4.29
2021-01-26,4.28
2021-01-27,4.38
2021-01-28,4.31
2021-01-29,4.35
2021-01-31,4.41
2021-02-01,4.39
2021-02-02,4.33
2021-02-03,4.27
2021-02-04,4.23
2021-02-05,4.18
2021-02-08,4.15
2021-02-09,4.12
2021-02-10,4.10
2021-02-11,4.09
2021-02-12,4.10
2021-02-15,4.08
2021-02-16,4.09
2021-02-17,4.12
2021-02-18,4.13
2021-02-19,4.12
2021-02-22,4.17
2021-02-23,4.19
2021-02-24,4.16
2021-02-25,4.30
2021-02-26,4.37
2021-02-28,4.46
2021-03-01,4.38
2021-03-02,4.34
2021-03-03,4.36
2021-03-04,4.45
2021-03-05,4.52
2021-03-08,4.53
2021-03-09,4.54
2021-03-10,4.53
2021-03-11,4.41
2021-03-12,4.51
2021-03-15,4.50
2021-03-16,4.49
2021-03-17,4.57
2021-03-18,4.66
2021-03-19,4.67
2021-03-22,4.55
2021-03-23,4.51
2021-03-24,4.43
2021-03-25,4.45
2021-03-26,4.44
2021-03-29,4.42
2021-03-30,4.43
2021-03-31,4.42
2021-04-01,4.35
2021-04-02,.
2021-04-05,4.30
2021-04-06,4.25
2021-04-07,4.21
2021-04-08,4.18
2021-04-09,4.23
2021-04-12,4.25
2021-04-13,4.28
2021-04-14,4.23
2021-04-15,4.16
2021-04-16,4.16
2021-04-19,4.20
2021-04-20,4.27
2021-04-21,4.26
2021-04-22,4.26
2021-04-23,4.22
2021-04-26,4.19
2021-04-27,4.22
2021-04-28,4.22
2021-04-29,4.20
2021-04-30,4.28
2021-05-03,4.24
2021-05-04,4.27
2021-05-05,4.23
2021-05-06,4.23
2021-05-07,4.20
2021-05-10,4.20
2021-05-11,4.31
2021-05-12,4.35
2021-05-13,4.36
2021-05-14,4.32
2021-05-17,4.32
2021-05-18,4.31
2021-05-19,4.40
2021-05-20,4.38
2021-05-21,4.33
2021-05-24,4.31
2021-05-25,4.25
2021-05-26,4.27
2021-05-27,4.24
2021-05-28,4.22
2021-05-31,4.29
2021-06-01,4.29
2021-06-02,4.26
2021-06-03,4.26
2021-06-04,4.21
2021-06-07,4.20
2021-06-08,4.16
2021-06-09,4.10
2021-06-10,4.10
2021-06-11,4.08
2021-06-14,4.08
2021-06-15,4.08
2021-06-16,4.10
2021-06-17,4.12
2021-06-18,4.14
2021-06-21,4.11
2021-06-22,4.10
2021-06-23,4.09
2021-06-24,4.05
2021-06-25,4.04
2021-06-28,4.01
2021-06-29,3.99
2021-06-30,4.01
2021-07-01,4.01
2021-07-02,3.99
2021-07-05,3.98
2021-07-06,3.95
2021-07-07,3.92
2021-07-08,3.97
2021-07-09,3.95
2021-07-12,3.94
2021-07-13,3.97
2021-07-14,3.99
2021-07-15,3.99
2021-07-16,4.04
2021-07-19,4.21
2021-07-20,4.15
2021-07-21,4.07
2021-07-22,4.04
2021-07-23,4.03
2021-07-26,4.02
2021-07-27,4.05
2021-07-28,4.07
2021-07-29,4.04
2021-07-30,4.04
2021-07-31,4.12
2021-08-02,4.11
2021-08-03,4.16
2021-08-04,4.19
2021-08-05,4.17
2021-08-06,4.17
2021-08-09,4.21
2021-08-10,4.21
2021-08-11,4.26
2021-08-12,4.24
2021-08-13,4.22
2021-08-16,4.20
2021-08-17,4.20
2021-08-18,4.19
2021-08-19,4.24
2021-08-20,4.21
2021-08-23,4.17
2021-08-24,4.12
2021-08-25,4.10
2021-08-26,4.09
2021-08-27,4.02
2021-08-30,3.99
2021-08-31,4.07
2021-09-01,4.05
2021-09-02,4.02
2021-09-03,4.01
2021-09-06,4.00
2021-09-07,4.06
2021-09-08,4.04
2021-09-09,4.01
2021-09-10,4.00
2021-09-13,3.97
2021-09-14,3.95
2021-09-15,3.94
2021-09-16,3.96
2021-09-17,3.96
2021-09-20,4.11
2021-09-21,4.06
2021-09-22,4.00
2021-09-23,4.00
2021-09-24,4.05
2021-09-27,4.09
2021-09-28,4.17
2021-09-29,4.14
2021-09-30,4.21
2021-10-01,4.20
2021-10-04,4.23
2021-10-05,4.22
2021-10-06,4.34
2021-10-07,4.28
2021-10-08,4.32
2021-10-11,4.31
2021-10-12,4.40
2021-10-13,4.37
2021-10-14,4.27
2021-10-15,4.27
2021-10-18,4.29
2021-10-19,4.27
2021-10-20,4.25
2021-10-21,4.26
2021-10-22,4.30
2021-10-25,4.31
2021-10-26,4.28
2021-10-27,4.26
2021-10-28,4.26
2021-10-29,4.27
2021-10-31,4.36
2021-11-01,4.38
2021-11-02,4.39
2021-11-03,4.39
2021-11-04,4.33
2021-11-05,4.21
2021-11-08,4.17
2021-11-09,4.17
2021-11-10,4.27
2021-11-11,4.27
2021-11-12,4.32
2021-11-15,4.36
2021-11-16,4.39
2021-11-17,4.41
2021-11-18,4.42
2021-11-19,4.44
2021-11-22,4.47
2021-11-23,4.60
2021-11-24,4.64
2021-11-25,4.64
2021-11-26,4.80
2021-11-29,4.71
2021-11-30,4.82
2021-12-01,4.73
2021-12-02,4.74
2021-12-03,4.67
2021-12-06,4.61
2021-12-07,4.39
2021-12-08,4.47
2021-12-09,4.50
2021-12-10,4.53
2021-12-13,4.52
2021-12-14,4.57
2021-12-15,4.57
2021-12-16,4.49
2021-12-17,4.53
2021-12-20,4.58
2021-12-21,4.49
2021-12-22,4.42
2021-12-23,4.36
2021-12-24,.
2021-12-27,4.26
2021-12-28,4.26
2021-12-29,4.30
2021-12-30,4.34
2021-12-31,4.35
2022-01-03,4.42
2022-01-04,4.46
2022-01-05,4.50
2022-01-06,4.62
2022-01-07,4.69
2022-01-10,4.76
2022-01-11,4.67
2022-01-12,4.54
2022-01-13,4.57
2022-01-14,4.62
2022-01-17,4.62
2022-01-18,4.74
2022-01-19,4.69
2022-01-20,4.68
2022-01-21,4.80
2022-01-24,4.93
2022-01-25,4.92
2022-01-26,4.86
2022-01-27,5.04
2022-01-28,5.19
2022-01-31,5.22
2022-02-01,5.11
2022-02-02,5.03
2022-02-03,5.14
2022-02-04,5.31
2022-02-07,5.33
2022-02-08,5.31
2022-02-09,5.22
2022-02-10,5.35
2022-02-11,5.50
2022-02-14,5.62
2022-02-15,5.58
2022-02-16,5.57
2022-02-17,5.56
2022-02-18,5.58
2022-02-21,5.58
2022-02-22,5.58
2022-02-23,5.57
2022-02-24,5.72
2022-02-25,5.48
2022-02-28,5.50
2022-03-01,5.46
2022-03-02,5.47
2022-03-03,5.46
2022-03-04,5.55
2022-03-07,5.71
2022-03-08,5.82
2022-03-09,5.81
2022-03-10,5.93
2022-03-11,5.99
2022-03-14,6.23
2022-03-15,6.28
2022-03-16,6.10
2022-03-17,5.94
2022-03-18,5.90
2022-03-21,5.95
2022-03-22,6.03
2022-03-23,6.00
2022-03-24,5.98
2022-03-25,6.00
2022-03-28,6.02
2022-03-29,5.79
2022-03-30,5.70
2022-03-31,5.79
2022-04-01,5.86
2022-04-04,5.80
2022-04-05,5.88
2022-04-06,6.10
2022-04-07,6.16
2022-04-08,6.26
2022-04-11,6.45
2022-04-12,6.37
2022-04-13,6.35
2022-04-14,6.36
2022-04-15,.
2022-04-18,6.38
2022-04-19,6.40
2022-04-20,6.34
2022-04-21,6.38
2022-04-22,6.52
2022-04-25,6.59
2022-04-26,6.56
2022-04-27,6.61
2022-04-28,6.64
2022-04-29,6.77
2022-04-30,6.84
2022-05-02,7.01
2022-05-03,6.93
2022-05-04,6.96
2022-05-05,7.02
2022-05-06,7.19
2022-05-09,7.42
2022-05-10,7.40
2022-05-11,7.41
2022-05-12,7.53
2022-05-13,7.49
2022-05-16,7.50
2022-05-17,7.50
2022-05-18,7.68
2022-05-19,7.72
2022-05-20,7.67
2022-05-23,7.64
2022-05-24,7.64
2022-05-25,7.41
2022-05-26,7.05
2022-05-27,6.88
2022-05-30,6.88
2022-05-31,7.00
2022-06-01,7.03
2022-06-02,7.03
2022-06-03,7.12
2022-06-06,7.19
2022-06-07,7.28
2022-06-08,7.33
2022-06-09,7.45
2022-06-10,7.71
2022-06-13,8.29
2022-06-14,8.44
2022-06-15,8.25
2022-06-16,8.51
2022-06-17,8.45
2022-06-20,8.45
2022-06-21,8.39
2022-06-22,8.51
2022-06-23,8.48
2022-06-24,8.32
2022-06-27,8.33
2022-06-28,8.48
2022-06-29,8.74
2022-06-30,8.88
2022-07-01,8.83
2022-07-04,8.84
2022-07-05,8.84
2022-07-06,8.77
2022-07-07,8.57
2022-07-08,8.51
2022-07-11,8.49
2022-07-12,8.46
2022-07-13,8.50
2022-07-14,8.59
2022-07-15,8.44
2022-07-18,8.32
2022-07-19,8.24
2022-07-20,8.06
2022-07-21,7.99
2022-07-22,7.83
2022-07-25,7.85
2022-07-26,7.95
2022-07-27,7.89
2022-07-28,7.72
2022-07-29,7.50
2022-07-31,7.56
2022-08-01,7.51
2022-08-02,7.50
2022-08-03,7.45
2022-08-04,7.36
2022-08-05,7.44
2022-08-08,7.36
2022-08-09,7.46
2022-08-10,7.29
2022-08-11,7.24
2022-08-12,7.26
2022-08-15,7.19
2022-08-16,7.25
2022-08-17,7.40
2022-08-18,7.42
2022-08-19,7.58
2022-08-22,7.81
2022-08-23,7.87
2022-08-24,7.85
2022-08-25,7.79
2022-08-26,7.87
2022-08-29,8.06
2022-08-30,8.20
2022-08-31,8.34
2022-09-01,8.51
2022-09-02,8.39
2022-09-05,8.39
2022-09-06,8.45
2022-09-07,8.37
2022-09-08,8.23
2022-09-09,8.05
2022-09-12,7.99
2022-09-13,8.29
2022-09-14,8.35
2022-09-15,8.45
2022-09-16,8.64
2022-09-19,8.59
2022-09-20,8.65
2022-09-21,8.63
2022-09-22,8.84
2022-09-23,9.09
2022-09-26,9.33
2022-09-27,9.43
2022-09-28,9.35
2022-09-29,9.50
2022-09-30,9.50
2022-10-03,9.37
2022-10-04,9.02
2022-10-05,9.09
2022-10-06,9.03
2022-10-07,9.17
2022-10-10,9.18
2022-10-11,9.42
2022-10-12,9.44
2022-10-13,9.50
2022-10-14,9.43
2022-10-17,9.31
2022-10-18,9.18
2022-10-19,9.32
2022-10-20,9.33
2022-10-21,9.36
2022-10-24,9.29
2022-10-25,9.13
2022-10-26,9.01
2022-10-27,8.87
2022-10-28,8.73
2022-10-31,8.92
2022-11-01,8.91
2022-11-02,8.95
2022-11-03,9.22
2022-11-04,9.17
2022-11-07,9.16
2022-11-08,9.15
2022-11-09,9.31
2022-11-10,8.82
2022-11-11,8.82
2022-11-14,8.73
2022-11-15,8.62
2022-11-16,8.63
2022-11-17,8.76
2022-11-18,8.73
2022-11-21,8.72
2022-11-22,8.61
2022-11-23,8.49
2022-11-24,8.49
2022-11-25,8.50
2022-11-28,8.60
2022-11-29,8.65
2022-11-30,8.46
2022-12-01,8.26
2022-12-02,8.27
2022-12-05,8.34
2022-12-06,8.42
2022-12-07,8.42
2022-12-08,8.36
2022-12-09,8.33
2022-12-12,8.30
2022-12-13,8.11
2022-12-14,8.10
2022-12-15,8.27
2022-12-16,8.40
2022-12-19,8.50
2022-12-20,8.57
2022-12-21,8.43
2022-12-22,8.51
2022-12-23,8.54
2022-12-26,.
2022-12-27,8.60
2022-12-28,8.80
2022-12-29,8.85
2022-12-30,8.83
2022-12-31,8.87
2023-01-02,.
2023-01-03,8.73
2023-01-04,8.57
2023-01-05,8.58
2023-01-06,8.29
2023-01-09,8.14
2023-01-10,8.16
2023-01-11,8.07
2023-01-12,7.94
2023-01-13,7.93
2023-01-16,7.90
2023-01-17,7.91
2023-01-18,7.82
2023-01-19,7.99
2023-01-20,8.03
2023-01-23,8.00
2023-01-24,8.00
2023-01-25,8.02
2023-01-26,7.95
2023-01-27,7.97
2023-01-30,8.04
2023-01-31,8.02
2023-02-01,7.93
2023-02-02,7.56
2023-02-03,7.73
2023-02-06,7.93
2023-02-07,7.94
2023-02-08,7.98
2023-02-09,8.03
2023-02-10,8.27
2023-02-13,8.25
2023-02-14,8.25
2023-02-15,8.30
